12
abc123,Johnson,Marvin,425 Lincoln St,Denver,CO,80203,US,mjohnson0@yahoo.com,mjohnson0@hotmail.com
def456,Garcia,Alex,2195 N. Comanche Drive,Tucson,AZ,85705,US,agarcia1@gmail.com,agarcia1@hotmail.com,agarcia1@yahoo.com
ghi789,Park,Emily,54 Cedar Avenue,Portsmouth,NH,03801,US,epark2@comcast.net,epark2@gmail.com
jkl012,Smith,Robert,105 E. Elm St,Burbank,CA,91502,US,rsmith3@hotmail.com,rsmith3@yahoo.com,rsmith3@gmail.com,rsmith3@aol.com
mno345,Martinez,Carla,815 1st St,Naperville,IL,60563,US,cmartinez4@yahoo.com,cmartinez4@aol.com
pqr678,Watson,David,400 Church St,Columbia,SC,29201,US,dwatson5@live.com,dwatson5@gmail.com
stu901,Kim,Grace,7102 W. Mill Rd.,Milwaukee,WI,53218,US,gkim6@gmail.com,gkim6@yahoo.com
dcd789,Valentin,Migdalia,123 Oak St,Baltimore,MD,21201,US,mbaker7@aol.com,mbaker7@yahoo.com,mbaker7@gmail.com,mbaker7@comcast.net
9c3b21,Nguyen,Anna,21 Maple St,San Francisco,CA,94102,US,anguyen8@yahoo.com,anguyen8@gmail.com
f95b46,Rodriguez,Pedro,4500 S. 3rd St,McAllen,TX,78503,US,prodriguez9@hotmail.com,prodriguez9@yahoo.com
8fbr21,Galapagos,Joey,2900 E. St,Lincoln,NE,68510,US,joeytakesthebus@gmail.com
ab4389,Welp,Themartian,1589 S. waverlly,Narnia,NE,87612,US,valorantismid@gmailcom
3brcn2,Farquad,Lord,1472 cookieman road,LittleTown,CA,94202,US,shreakteam@yahoo.com